ID,Class
750,Sherwin
751,Sherwin
752,Sherwin
753,Sherwin
754,Sherwin
755,Sherwin
756,Sherwin
757,Sherwin
758,Sherwin
759,Sherwin
760,Sherwin
761,Sherwin
762,Sherwin
763,Sherwin
764,Sherwin
765,Sherwin
766,Sherwin
767,Davisson
768,Sherwin
769,Sherwin
770,Sherwin
771,Sherwin
772,Sherwin
773,Sherwin
774,Sherwin
775,Sherwin
776,CFH
777,Sherwin
778,Sherwin
779,Mahlers2nd
780,Sherwin
781,Sherwin
782,Sherwin
783,Sherwin
784,Sherwin
785,Sherwin
786,Sherwin
787,Sherwin
788,Sherwin
789,Sherwin
790,Sherwin
791,Sherwin
792,Sherwin
793,Sherwin
794,Sherwin
795,Sherwin
796,Sherwin
797,Sherwin
798,Sherwin
799,Sherwin
800,Chachra
801,Sherwin
802,Sherwin
803,Sherwin
804,Sherwin
805,Chachra
806,Sherwin
807,Sherwin
808,Sherwin
809,Sherwin
810,Sherwin
811,Sherwin
812,Sherwin
813,Sherwin
814,Sherwin
815,Sherwin
816,Sherwin
817,Sherwin
818,Sherwin
819,Sherwin
820,Auken
821,Sherwin
822,Sherwin
823,Sherwin
824,Sherwin
825,Sherwin
826,Sherwin
827,Brody
828,Sherwin
829,Sherwin
830,Sherwin
831,Auken
832,Sherwin
833,Sherwin
834,Sherwin
835,Sherwin
836,Sherwin
837,Sherwin
838,Sherwin
839,Sherwin
840,Sherwin
841,Sherwin
842,Sherwin
843,Sherwin
844,Sherwin
845,Sherwin
846,Sherwin
847,Sherwin
848,Sherwin
849,Sherwin
850,Sherwin
851,Sherwin
852,Sherwin
853,Sherwin
854,Sherwin
855,Sherwin
856,Sherwin
857,Sherwin
858,Sherwin
859,Sherwin
860,Sherwin
861,Sherwin
862,Sherwin
863,Sherwin
864,Sherwin
865,Sherwin
866,Sherwin
867,Sherwin
868,Sherwin
869,CFH
870,Sherwin
871,Sherwin
872,Sherwin
873,Chachra
874,Sherwin
875,Sherwin
876,Sherwin
877,Sherwin
878,Sherwin
879,Sherwin
880,Sherwin
881,Sherwin
882,Sherwin
883,Sherwin
884,Sherwin
885,Sherwin
886,Sherwin
887,Sherwin
888,Sherwin
889,Sherwin
890,Sherwin
891,Sherwin
892,Shea
893,Sherwin
894,Sherwin
895,Sherwin
896,Sherwin
897,Sherwin
898,Sherwin
899,Sherwin
900,Sherwin
901,Sherwin
902,Sherwin
903,Sherwin
904,Sherwin
905,Sherwin
906,Sherwin
907,Sherwin
908,Chachra
909,Sherwin
910,Sherwin
911,Sherwin
912,Sherwin
913,Sherwin
914,Sherwin
915,Sherwin
916,Sherwin
917,Sherwin
918,Sherwin
919,Sherwin
920,Brody
921,Sherwin
922,Sherwin
923,Sherwin
924,Sherwin
925,Sherwin
926,Chachra
927,Sherwin
928,Sherwin
929,Sherwin
930,Sherwin
931,Sherwin
932,Sherwin
933,Sherwin
934,Sherwin
935,Sherwin
936,Sherwin
937,Sherwin
938,Sherwin
939,Sherwin
940,Sherwin
941,Sherwin
942,Sherwin
943,Sherwin
944,Sherwin
945,Sherwin
946,Sherwin
947,Sherwin
948,Sherwin
949,Sherwin
950,Sherwin
951,Sherwin
952,Sherwin
953,Sherwin
954,Sherwin
955,Sherwin
956,Sherwin
957,Sherwin
958,Sherwin
959,Sherwin
960,Sherwin
961,Sherwin
962,Sherwin
963,Sherwin
964,Sherwin
965,Sherwin
966,Sherwin
967,Sherwin
968,Sherwin
969,Sherwin
970,Sherwin
971,Sherwin
972,Sherwin
973,Sherwin
974,Sherwin
975,Sherwin
976,Sherwin
977,Sherwin
978,Sherwin
979,Sherwin
980,Lawyeraau
981,Sherwin
982,Sherwin
983,Sherwin
984,Sherwin
985,Sherwin
986,Sherwin
987,Sherwin
988,Sherwin
989,Sherwin
990,Sherwin
991,Sherwin
992,Sherwin
993,Sherwin
994,Sherwin
995,Sherwin
996,Sherwin
997,Sherwin
998,Sherwin
999,Sherwin
1000,Sherwin
1001,Sherwin
1002,Sherwin
1003,Sherwin
1004,Sherwin
1005,Sherwin
1006,Sherwin
1007,Sherwin
1008,Sherwin
1009,Chachra
1010,Sherwin
1011,Sherwin
1012,Sherwin
1013,Sherwin
1014,Sherwin
1015,Brody
1016,Sherwin
1017,Sherwin
1018,Sherwin
1019,Sherwin
1020,Sherwin
1021,Sherwin
1022,Sherwin
1023,Sherwin
1024,Sherwin
1025,Sherwin
1026,Sherwin
1027,Sherwin
1028,Sherwin
1029,Sherwin
1030,Sherwin
1031,Mitchell
1032,Dent
1033,Sherwin
1034,Sherwin
1035,Sherwin
1036,Sherwin
1037,Sherwin
1038,Sherwin
1039,Sherwin
1040,Cutey
1041,Sherwin
1042,Sherwin
1043,Sherwin
1044,Sherwin
1045,Sherwin
1046,Sherwin
1047,Sherwin
1048,Sherwin
1049,Sherwin
1050,Sherwin
1051,Sherwin
1052,Sherwin
1053,Sherwin
1054,Sherwin
1055,Sherwin
1056,Sherwin
1057,Sherwin
1058,Sherwin
1059,Sherwin
1060,Sherwin
1061,Sherwin
1062,Sherwin
1063,Sherwin
1064,Sherwin
1065,Sherwin
1066,Sherwin
1067,Sherwin
1068,Sherwin
1069,Sherwin
1070,Sherwin
1071,Sherwin
1072,Sherwin
1073,Chachra
1074,Sherwin
1075,Sherwin
1076,Sherwin
1077,Chachra
1078,Sherwin
1079,Sherwin
1080,Sherwin
1081,Sherwin
1082,Sherwin
1083,Sherwin
1084,Sherwin
1085,Sherwin
1086,Sherwin
1087,Sherwin
1088,Sherwin
1089,Sherwin
1090,Sherwin
1091,Sherwin
1092,Sherwin
1093,Sherwin
1094,Sherwin
1095,Sherwin
1096,Sherwin
1097,Sherwin
1098,Sherwin
1099,Sherwin
1100,Sherwin
1101,Sherwin
1102,Sherwin
1103,Sherwin
1104,Sherwin
1105,Sherwin
1106,Sherwin
1107,Sherwin
1108,Sherwin
1109,Sherwin
1110,Robert
1111,Sherwin
1112,Sherwin
1113,Sherwin
1114,Sherwin
1115,Sherwin
1116,Sherwin
1117,Sherwin
1118,Sherwin
1119,Sherwin
1120,Sherwin
1121,Sherwin
1122,Sherwin
1123,Sherwin
1124,Sherwin
1125,Messick
1126,Sherwin
1127,Sherwin
1128,Sherwin
1129,Sherwin
1130,Sherwin
1131,Sherwin
1132,Sherwin
1133,Sherwin
1134,Sherwin
1135,Sherwin
1136,Sherwin
1137,Sherwin
1138,Sherwin
1139,Sherwin
1140,Sherwin
1141,Sherwin
1142,Sherwin
1143,Sherwin
1144,Sherwin
1145,Sherwin
1146,Sherwin
1147,Sherwin
1148,Sherwin
1149,Sherwin
1150,Sherwin
1151,Sherwin
1152,Sherwin
1153,Sherwin
1154,Sherwin
1155,Sherwin
1156,Sherwin
1157,Sherwin
1158,Sherwin
1159,Sherwin
1160,Sherwin
1161,Sherwin
1162,Sherwin
1163,Sherwin
1164,Sherwin
1165,Sherwin
1166,Sherwin
1167,Sherwin
1168,Engineer
1169,Sherwin
1170,Sherwin
1171,Sherwin
1172,Sherwin
1173,Sherwin
1174,Sherwin
1175,Sherwin
1176,Sherwin
1177,Sherwin
1178,Sherwin
1179,Sherwin
1180,Sherwin
1181,Sherwin
1182,Sherwin
1183,Sherwin
1184,Sherwin
1185,Sherwin
1186,Sherwin
1187,Sherwin
1188,Sherwin
1189,Sherwin
1190,Sherwin
1191,Sherwin
1192,Sherwin
1193,Sherwin
1194,Sherwin
1195,Sherwin
1196,Sherwin
1197,Sherwin
1198,Sherwin
1199,Ashbacher
1200,Sherwin
1201,Sherwin
1202,Sherwin
1203,Sherwin
1204,Sherwin
1205,Messick
1206,Sherwin
1207,Sherwin
1208,Sherwin
1209,Sherwin
1210,Sherwin
1211,Sherwin
1212,Sherwin
1213,Sherwin
1214,Brody
1215,Sherwin
1216,Sherwin
1217,Sherwin
1218,Sherwin
1219,Sherwin
1220,Sherwin
1221,Sherwin
1222,Chachra
1223,Sherwin
1224,Sherwin
1225,Sherwin
1226,Sherwin
1227,Sherwin
1228,Robert
1229,Sherwin
1230,Sherwin
1231,Sherwin
1232,Sherwin
1233,Sherwin
1234,Sherwin
1235,Sherwin
1236,Sherwin
1237,Sherwin
1238,Sherwin
1239,Sherwin
1240,Dent
1241,Brody
1242,Sherwin
1243,Brody
1244,Sherwin
1245,Sherwin
1246,Sherwin
1247,Sherwin
1248,Sherwin
1249,Sherwin
1250,Sherwin
1251,Sherwin
1252,Sherwin
1253,Sherwin
1254,Sherwin
1255,Sherwin
1256,Sherwin
1257,Chachra
1258,Sherwin
1259,Sherwin
1260,Sherwin
1261,Sherwin
1262,Sherwin
1263,Sherwin
1264,Sherwin
1265,Sherwin
1266,Sherwin
1267,Sherwin
1268,Chachra
1269,Sherwin
1270,Sherwin
1271,Sherwin
1272,Sherwin
1273,Sherwin
1274,Sherwin
1275,Sherwin
1276,Sherwin
1277,Sherwin
1278,Sherwin
1279,Sherwin
1280,Sherwin
1281,Chachra
1282,Sherwin
1283,Sherwin
1284,Sherwin
1285,Sherwin
1286,Sherwin
1287,Sherwin
1288,Sherwin
1289,Sherwin
1290,Sherwin
1291,Sherwin
1292,Brody
1293,Sherwin
1294,Sherwin
1295,Sherwin
1296,Sherwin
1297,Sherwin
1298,Sherwin
1299,Sherwin
1300,Sherwin
1301,Sherwin
1302,Sherwin
1303,Sherwin
1304,Sherwin
1305,Sherwin
1306,Sherwin
1307,Sherwin
1308,Sherwin
1309,Sherwin
1310,Sherwin
1311,Sherwin
1312,Sherwin
1313,Sherwin
1314,Sherwin
1315,Sherwin
1316,Sherwin
1317,Sherwin
1318,Sherwin
1319,Sherwin
1320,Sherwin
1321,Sherwin
1322,Sherwin
1323,Sherwin
1324,Sherwin
1325,Sherwin
1326,Sherwin
1327,Sherwin
1328,Sherwin
1329,Sherwin
1330,Sherwin
1331,Sherwin
1332,Sherwin
1333,Sherwin
1334,Sherwin
1335,Sherwin
1336,Sherwin
1337,Sherwin
1338,CFH
1339,Sherwin
1340,Sherwin
1341,Sherwin
1342,Brody
1343,Sherwin
1344,Sherwin
1345,Sherwin
1346,Sherwin
1347,Sherwin
1348,Sherwin
1349,Sherwin
1350,Sherwin
1351,Sherwin
1352,Sherwin
1353,Sherwin
1354,Sherwin
1355,Sherwin
1356,Sherwin
1357,Sherwin
1358,Sherwin
1359,Sherwin
1360,Sherwin
1361,Sherwin
1362,Sherwin
1363,Sherwin
1364,Sherwin
1365,Sherwin
1366,Sherwin
1367,Sherwin
1368,Chachra
1369,Sherwin
1370,Sherwin
1371,Sherwin
1372,Sherwin
1373,Sherwin
1374,Sherwin
1375,Brody
1376,Sherwin
1377,Sherwin
1378,Sherwin
1379,Sherwin
1380,Sherwin
1381,Sherwin
1382,Sherwin
1383,Sherwin
1384,Sherwin
1385,Sherwin
1386,Sherwin
1387,Cutey
1388,Sherwin
1389,Sherwin
1390,Sherwin
1391,Sherwin
1392,Sherwin
1393,Sherwin
1394,Sherwin
1395,Sherwin
1396,Sherwin
1397,Sherwin
1398,Sherwin
1399,Sherwin
1400,Sherwin
1401,Sherwin
1402,Sherwin
1403,Sherwin
1404,Sherwin
1405,Sherwin
1406,Sherwin
1407,Sherwin
1408,Sherwin
1409,Sherwin
1410,Brody
1411,Sherwin
1412,Sherwin
1413,Sherwin
1414,Sherwin
1415,Sherwin
1416,Sherwin
1417,Cutey
1418,Sherwin
1419,Sherwin
1420,Sherwin
1421,Sherwin
1422,Sherwin
1423,Sherwin
1424,Sherwin
1425,Sherwin
1426,Sherwin
1427,Brown
1428,Sherwin
1429,Sherwin
1430,Sherwin
1431,Sherwin
1432,Sherwin
1433,Sherwin
1434,Sherwin
1435,Sherwin
1436,Sherwin
1437,Sherwin
1438,Sherwin
1439,Sherwin
1440,Sherwin
1441,Sherwin
1442,Sherwin
1443,Brody
1444,Sherwin
1445,Sherwin
1446,Sherwin
1447,Sherwin
1448,Sherwin
1449,Sherwin
1450,Sherwin
1451,Sherwin
1452,Sherwin
1453,Sherwin
1454,Sherwin
1455,Sherwin
1456,Sherwin
1457,Sherwin
1458,Sherwin
1459,Sherwin
1460,Sherwin
1461,Sherwin
1462,Brody
1463,Sherwin
1464,Sherwin
1465,Brody
1466,Sherwin
1467,Sherwin
1468,Sherwin
1469,Sherwin
1470,Sherwin
1471,Sherwin
1472,Sherwin
1473,Sherwin
1474,Sherwin
1475,Sherwin
1476,Sherwin
1477,Sherwin
1478,Sherwin
1479,Sherwin
1480,Sherwin
1481,Sherwin
1482,Sherwin
1483,Sherwin
1484,Sherwin
1485,Sherwin
1486,Sherwin
1487,Sherwin
1488,Sherwin
1489,Sherwin
1490,Koenig
1491,Sherwin
1492,Sherwin
1493,Sherwin
1494,Sherwin
1495,Sherwin
1496,Sherwin
1497,Sherwin
1498,Sherwin
1499,Brody
